step,converged,total_cost,total_reward
0,True,1.976923076923077,2.232418653846154
1,True,1.976923076923077,2.232418653846154
