step,converged,total_cost,total_reward
0,True,1.661923067042461,2.2481686538764203
1,True,1.661923067042461,2.2481686538764203
